{"coco/bbox_mAP": 0.003, "coco/bbox_mAP_50": 0.006, "coco/bbox_mAP_75": 0.002, "coco/bbox_mAP_s": 0.006, "coco/bbox_mAP_m": 0.004, "coco/bbox_mAP_l": 0.005, "data_time": 0.0900851273536682, "time": 5.485484411716461}